{
  "API": {
    "HTTPHeaders": {}
  },
  "Addresses": {
    "API": "/ip4/127.0.0.1/tcp/5001",
    "Announce": [],
    "Gateway": "/ip4/127.0.0.1/tcp/8080",
    "NoAnnounce": [],
    "RemoteAPI": "/ip4/127.0.0.1/tcp/5101",
    "Swarm": [
      "/ip4/0.0.0.0/tcp/4001",
      "/ip6/::/tcp/4001",
      "/ip4/0.0.0.0/udp/4001/quic",
      "/ip6/::/udp/4001/quic"
    ]
  },
  "AutoNAT": {},
  "Bootstrap": [
    "/ip4/34.213.5.20/tcp/4001/p2p/QmQVQBsM7uoJy8hATjTm51uSAkx2y3iGLhSwA6LWLa7iQJ",
    "/ip4/18.237.202.91/tcp/4001/p2p/QmbVFdiNkvxtc7Nni7yBWAgtHg8MuyhaZ5mDaYR2ZrhhvN",
    "/ip4/13.229.45.41/tcp/4001/p2p/QmX7RZXh27AX8iv2BKLGMgPBiuUpEy8p4LFXgtXAfaZDn9",
    "/ip4/54.254.227.188/tcp/4001/p2p/QmYqCq3PasrzLr3PxtLo5D6spEAJ836W9Re9Eo4zUou45U",
    "/ip4/52.77.240.134/tcp/4001/p2p/QmURPwdLYesWUDB66EGXvDvwcyV44rVRqV2iGNqKN24eVu",
    "/ip4/18.194.71.27/tcp/4001/p2p/QmYHkY5CrWcvgaDo4PfvzTQgaZtfaqRGDjwW1MrHUj8cLK",
    "/ip4/18.237.54.123/tcp/4001/p2p/QmWJWGxKKaqZUW4xga2BCzT5FBtYDL8Cc5Q5jywd6xPt1g",
    "/ip4/3.126.224.22/tcp/4001/p2p/QmWTTmvchTodUaVvuKZMo67xk7ZgkxJf4nBo7SZry3vGU5",
    "/ip4/54.93.47.134/tcp/4001/p2p/QmeHaHe7WvjeY37z5MYC3qYQcQcuvDwUhwTXtP3KhKLXXK",
    "/ip4/54.213.128.120/tcp/4001/p2p/QmWm3vBCRuZcJMUT9jDZysoYBb66aokmSReX26UaMk8qq5"
  ],
  "Datastore": {
    "BloomFilterSize": 0,
    "GCPeriod": "1h",
    "HashOnRead": false,
    "Spec": {
      "mounts": [
        {
          "child": {
            "path": "blocks",
            "shardFunc": "/repo/flatfs/shard/v1/next-to-last/2",
            "sync": true,
            "type": "flatfs"
          },
          "mountpoint": "/blocks",
          "prefix": "flatfs.datastore",
          "type": "measure"
        },
        {
          "child": {
            "compression": "none",
            "path": "datastore",
            "type": "levelds"
          },
          "mountpoint": "/",
          "prefix": "leveldb.datastore",
          "type": "measure"
        }
      ],
      "type": "mount"
    },
    "StorageGCWatermark": 90,
    "StorageMax": "45 GB"
  },
  "Discovery": {
    "MDNS": {
      "Enabled": true,
      "Interval": 10
    }
  },
  "Experimental": {
    "Analytics": true,
    "DisableAutoUpdate": false,
    "FilestoreEnabled": false,
    "GraphsyncEnabled": false,
    "HostChallengeEnabled": false,
    "HostRepairEnabled": false,
    "HostsSyncEnabled": true,
    "HostsSyncMode": "SCORE",
    "Libp2pStreamMounting": true,
    "P2pHttpProxy": false,
    "RemoveOnUnpin": false,
    "ShardingEnabled": false,
    "StorageClientEnabled": true,
    "StorageHostEnabled": true,
    "StrategicProviding": false,
    "UrlstoreEnabled": false
  },
  "Gateway": {
    "APICommands": [],
    "HTTPHeaders": {
      "Access-Control-Allow-Headers": [
        "X-Requested-With",
        "Range",
        "User-Agent"
      ],
      "Access-Control-Allow-Methods": [
        "GET"
      ],
      "Access-Control-Allow-Origin": [
        "*"
      ]
    },
    "NoDNSLink": false,
    "NoFetch": false,
    "PathPrefixes": [],
    "PublicGateways": null,
    "RootRedirect": "",
    "Writable": false
  },
  "Identity": {
    "EncryptedMnemonic": "/7fMbh0a4JHIIh7n0XCcxlVK4z7ihrnklj+WAEb/rFUixvWlayjoANC8xNLXV9ymwgUY2/DT4lWG0FE+UqryVLnKOCoS6JEeeGtIbwOnc3U=",
    "EncryptedPrivKey": "uDC8R++Xzb62WUIqkfO9xKt7g4Agu101N0y1lID+pyPAsfMD8cvcYU/tZST7EjFmwmxop3hoTV9dFq190Mc3MA==",
    "PeerID": "16Uiu2HAmLFscNTzEBA5e5pDVo1vz9zWndyP8c9db3QYDPeXzxxiu"
  },
  "Ipns": {
    "RecordLifetime": "",
    "RepublishPeriod": "",
    "ResolveCacheSize": 128
  },
  "Mounts": {
    "FuseAllowOther": false,
    "IPFS": "/btfs",
    "IPNS": "/btns"
  },
  "Peering": {
    "Peers": null
  },
  "Plugins": {
    "Plugins": null
  },
  "Provider": {
    "Strategy": ""
  },
  "Pubsub": {
    "DisableSigning": false,
    "Router": ""
  },
  "Reprovider": {
    "Interval": "12h",
    "Strategy": "all"
  },
  "Routing": {
    "Type": "dht"
  },
  "Services": {
    "EscrowDomain": "https://escrow.btfs.io",
    "EscrowPubKeys": [
      "CAISIQPAfB2Mt2ic+n3JcL4vrKXxBCmB0iNh+5BYiXdJNWed/Q=="
    ],
    "ExchangeDomain": "https://exchange.bt.co",
    "FullnodeDomain": "grpc.trongrid.io:50051",
    "GuardDomain": "https://guard.btfs.io",
    "GuardPubKeys": [
      "CAISIQJ16EiwvGko4SaBEEUFyMdNZp1vKsTLgIXCY6fRa3/Obg=="
    ],
    "HubDomain": "https://hub.btfs.io",
    "SolidityDomain": "grpc.trongrid.io:50052",
    "StatusServerDomain": "https://status.btfs.io",
    "TrongridDomain": "https://api.trongrid.io"
  },
  "Swarm": {
    "AddrFilters": null,
    "ConnMgr": {
      "GracePeriod": "20s",
      "HighWater": 900,
      "LowWater": 600,
      "Type": "basic"
    },
    "DisableBandwidthMetrics": false,
    "DisableNatPortMap": false,
    "EnableAutoRelay": true,
    "EnableRelayHop": false,
    "SwarmKey": "/key/swarm/psk/1.0.0/\n/base16/\n64ef95289a6b998c776927ed6e33ca8c9202ee47df90141d09f5ffeeb64b8a66",
    "Transports": {
      "Multiplexers": {},
      "Network": {},
      "Security": {}
    }
  },
  "UI": {
    "Host": {
      "ContractManager": {
        "HighWater": 300,
        "LowWater": 100,
        "Threshold": 10000000
      },
      "Initialized": true
    },
    "Renter": {
      "Initialized": false
    },
    "Wallet": {
      "Initialized": true
    }
  }
}
